clade_name	mutations
6B.1A.5a.2	"N156K V250A"
6B.1A.5a.1	"D187V Q189E"
6B.1A.5a.1	"D187A Q189E"

2a	"L3I N96S N144S S159Y L194P Q311H D489N"
3c	"L3I S91N N144K F193S I478M D489N"
3C.3a	"T128A A138S R142G K326R"
3C.2a2	"T131K R142K R261Q"
3C.2a1b	"E62G K92R S96N N121K R142G K160T N171K P194L H311Q I406V G484E"
3C.2a1b.1	"T128A T135K A138S F193S"
3C.2a1b.1b	"S137F"
3C.2a1b.1a	"G186D D190N S198P"
3C.2a1b.2	"T131K V529"
3C.2a1b.2a	"T10M K83E Y94N I522M"
3C.2a1b.2a.1	"G186S S198P"
3C.2a1b.2a.1	"I160K G186R S198P"
3C.2a1b.2a.2	"Y159N T160I L164Q G186D D190N"
3C.2a1b.2a.2	"Y159N L164Q G186D D190N"
3C.2a1b.2a.2	"Y159N K160I L164Q G186D D190N"

V1A.1	"I180V R498K"
V1A.2	"I180T K209N"
V1A.3	"K136E"
V1A.3a	"E128K"
V1A.3a	"D129N G133R N233S V252L A276V K490R"
V1A.3a	"G133R"
V1A.3a	"N150K G184E N197D R279K"
V1A.3a.2	"P144L K203R"
V1A.3a.1	"V220M P241Q"
